first_name,last_name,email
Dinny,Robbins,drobbins0@princeton.edu
Mac,Bea,mbea1@narod.ru
Rolland,Odda,rodda2@macromedia.com
Burnaby,Kneal,bkneal3@accuweather.com
Tim,Presswell,tpresswell4@reuters.com
Violante,Tudge,vtudge5@hp.com
Leighton,Pearmine,lpearmine6@dedecms.com
Tessie,Itzkin,titzkin7@theguardian.com
Elle,Garland,egarland8@wikispaces.com
Jammie,Bowles,jbowles9@discovery.com
Maia,Jertz,mjertza@intel.com
Coop,Braunlein,cbraunleinb@nydailynews.com
Adolphus,Vesty,avestyc@illinois.edu
Janie,McQuade,jmcquaded@sitemeter.com
Tabbie,Goodlud,tgoodlude@toplist.cz
Veriee,Gudeman,vgudemanf@kickstarter.com
Lilith,Bowsher,lbowsherg@jigsy.com
Bancroft,Grainger,bgraingerh@technorati.com
Joey,Bamlet,jbamleti@chronoengine.com
Marsh,Simoes,msimoesj@omniture.com
Christophe,Runchman,crunchmank@businesswire.com
Stinky,Rodrig,srodrigl@stanford.edu
Olivette,Durward,odurwardm@dedecms.com
Faustina,Legon,flegonn@freewebs.com
Gideon,Hills,ghillso@people.com.cn
Carlee,Van Cassel,cvancasselp@i2i.jp
Tedmund,Groombridge,tgroombridgeq@bluehost.com
Husain,Albrook,halbrookr@geocities.jp
Elsy,Seckom,eseckoms@fda.gov
Christy,MacMichael,cmacmichaelt@bloglovin.com
Baryram,Sparsholt,bsparsholtu@yelp.com
Rafferty,Wieprecht,rwieprechtv@zimbio.com
Cecilius,Mulleary,cmullearyw@merriam-webster.com
Wanids,Edmonds,wedmondsx@cnet.com
Susanna,Norkett,snorketty@sourceforge.net
Giacopo,Alderson,galdersonz@statcounter.com
Amil,McGucken,amcgucken10@arstechnica.com
Alex,Kubach,akubach11@livejournal.com
Jessamyn,MacUchadair,jmacuchadair12@angelfire.com
Ninetta,Freak,nfreak13@discovery.com
Wolfie,MacCahey,wmaccahey14@wisc.edu
Dorothee,Bonnor,dbonnor15@admin.ch
Thelma,Dutteridge,tdutteridge16@aol.com
Wenona,Klimowski,wklimowski17@nps.gov
Simeon,Tilberry,stilberry18@miitbeian.gov.cn
Margarette,Claridge,mclaridge19@eepurl.com
Stillmann,Dowzell,sdowzell1a@mlb.com
Mal,Roncelli,mroncelli1b@storify.com
Lancelot,Tulloch,ltulloch1c@tmall.com
Onofredo,Rutigliano,orutigliano1d@mit.edu
Carter,Gutherson,cgutherson1e@w3.org
Penny,Greenough,pgreenough1f@wired.com
Hamil,Haug,hhaug1g@vinaora.com
Uri,Oliva,uoliva1h@gravatar.com
Andria,Kingswell,akingswell1i@cmu.edu
Earl,Bailles,ebailles1j@seattletimes.com
Hy,Dadswell,hdadswell1k@guardian.co.uk
Pearl,Tatlowe,ptatlowe1l@macromedia.com
Tabbatha,Stobart,tstobart1m@china.com.cn
Johan,Eadon,jeadon1n@hc360.com
Toma,Phizaclea,tphizaclea1o@soup.io
Amber,Zannetti,azannetti1p@whitehouse.gov
Tiffany,Godbert,tgodbert1q@bizjournals.com
Regine,Wallage,rwallage1r@ovh.net
Cassius,Hellmore,chellmore1s@dot.gov
Patrick,Shaddick,pshaddick1t@freewebs.com
Marj,Laskey,mlaskey1u@slideshare.net
Genia,Dannehl,gdannehl1v@seesaa.net
Paige,McArte,pmcarte1w@1und1.de
Sawyer,Baldung,sbaldung1x@tripadvisor.com
Otes,Pimme,opimme1y@ihg.com
Syman,Tessington,stessington1z@blogspot.com
Betsey,Phoenix,bphoenix20@eventbrite.com
Elva,Deller,edeller21@people.com.cn
Perice,Lenton,plenton22@imdb.com
Izak,Castiglio,icastiglio23@wikispaces.com
Milo,Cottey,mcottey24@house.gov
Lacie,Jakeman,ljakeman25@webs.com
Ted,Royans,troyans26@bloomberg.com
Rebe,Jerams,rjerams27@twitter.com
Tracy,Sproson,tsproson28@sphinn.com
Eleni,Blumsom,eblumsom29@cbc.ca
Susanetta,Askem,saskem2a@unc.edu
Bevin,Spratling,bspratling2b@dion.ne.jp
Ina,Monger,imonger2c@epa.gov
Alia,Wyant,awyant2d@virginia.edu
Boyd,Andrez,bandrez2e@archive.org
Gunilla,McCauley,gmccauley2f@cbsnews.com
Aurelea,Tiner,atiner2g@yellowpages.com
Guthry,Couves,gcouves2h@e-recht24.de
Dylan,Bettam,dbettam2i@elegantthemes.com
Stephie,O'Cridigan,socridigan2j@smh.com.au
Nahum,Orsay,norsay2k@blinklist.com
Garry,Bozworth,gbozworth2l@sciencedaily.com
Laverna,Matz,lmatz2m@histats.com
Viki,Warrender,vwarrender2n@eventbrite.com
Michele,Baxill,mbaxill2o@youku.com
Milt,Gavan,mgavan2p@sun.com
Rochell,O'Garmen,rogarmen2q@icio.us
Ulrick,Slowcock,uslowcock2r@narod.ru
Fonz,Aylett,faylett2s@bloglovin.com
Wit,Batman,wbatman2t@usgs.gov
Odella,Crosfeld,ocrosfeld2u@godaddy.com
Becka,Summerlee,bsummerlee2v@mozilla.com
Reed,MacLardie,rmaclardie2w@fc2.com
Leda,Heads,lheads2x@mozilla.org
Flin,Mation,fmation2y@github.io
Goldie,Stouther,gstouther2z@smugmug.com
Addie,Lody,alody30@tuttocitta.it
Ferne,Hogbourne,fhogbourne31@eepurl.com
Lucinda,Mertin,lmertin32@gravatar.com
Roderich,Martinolli,rmartinolli33@umn.edu
Jaclyn,Lindsey,jlindsey34@biglobe.ne.jp
Ezri,Trueman,etrueman35@people.com.cn
Ellerey,Linne,elinne36@reddit.com
Ken,Frankcomb,kfrankcomb37@google.ca
Danice,Snooks,dsnooks38@topsy.com
Winslow,Coghlan,wcoghlan39@narod.ru
Damien,O' Cloney,docloney3a@washingtonpost.com
Janette,Dober,jdober3b@lycos.com
Armin,Ruby,aruby3c@linkedin.com
Corny,Maclean,cmaclean3d@pagesperso-orange.fr
Maddie,Moxham,mmoxham3e@joomla.org
Chris,Quickfall,cquickfall3f@addthis.com
Gustavo,Lawlance,glawlance3g@nba.com
Gerhardt,Fipp,gfipp3h@hugedomains.com
Aharon,Sherington,asherington3i@smh.com.au
Jone,Wogdon,jwogdon3j@123-reg.co.uk
Nikita,Misson,nmisson3k@sbwire.com
Jeremiah,Rumney,jrumney3l@squarespace.com
Burgess,Wurz,bwurz3m@cdbaby.com
Sonny,Whitefoot,swhitefoot3n@bluehost.com
Alie,Novello,anovello3o@sakura.ne.jp
Geri,Dyer,gdyer3p@unicef.org
Fredra,Gerasch,fgerasch3q@issuu.com
Herold,Irvine,hirvine3r@desdev.cn
Caryl,Jinkin,cjinkin3s@com.com
Faye,Weth,fweth3t@marketwatch.com
Urson,Coot,ucoot3u@jugem.jp
Marian,Proger,mproger3v@sohu.com
Fredrick,Tredinnick,ftredinnick3w@unblog.fr
Elisabet,Bulbeck,ebulbeck3x@skype.com
Beatrice,Larkcum,blarkcum3y@elpais.com
Zachariah,Downer,zdowner3z@networksolutions.com
Ingeborg,Barthod,ibarthod40@arizona.edu
Allina,Spiring,aspiring41@businessinsider.com
Tony,Duxfield,tduxfield42@wp.com
Bud,Robbs,brobbs43@zimbio.com
Liesa,Northrop,lnorthrop44@storify.com
Dominique,Tickner,dtickner45@java.com
Morganne,Flori,mflori46@t.co
Caressa,Cissell,ccissell47@goo.ne.jp
Lida,Give,lgive48@examiner.com
Barth,Kristoffersson,bkristoffersson49@washingtonpost.com
Janean,Marjoram,jmarjoram4a@google.nl
Kearney,Tyce,ktyce4b@freewebs.com
Mollie,Heggman,mheggman4c@europa.eu
Ester,Segge,esegge4d@spiegel.de
Humberto,Leonards,hleonards4e@dyndns.org
Gibb,Tolley,gtolley4f@geocities.com
Codee,Clare,cclare4g@yellowbook.com
Jackie,Bragginton,jbragginton4h@bloglines.com
Harli,Skirven,hskirven4i@theatlantic.com
Sumner,Mellers,smellers4j@usatoday.com
Essy,Pleuman,epleuman4k@java.com
Rancell,Aslum,raslum4l@purevolume.com
Rhianon,Gossop,rgossop4m@deliciousdays.com
Shadow,Farnin,sfarnin4n@nytimes.com
Dirk,Lanham,dlanham4o@mysql.com
Kerrill,Quarmby,kquarmby4p@blogs.com
Linnet,Sloy,lsloy4q@wired.com
Carrol,Innott,cinnott4r@cnbc.com
Northrop,Occleshaw,noccleshaw4s@twitter.com
Cordelia,Munford,cmunford4t@tmall.com
Del,Buncher,dbuncher4u@indiegogo.com
Roana,Vernham,rvernham4v@amazon.co.jp
Sheff,Maddy,smaddy4w@apache.org
Maurita,Doby,mdoby4x@go.com
Ashlie,Toynbee,atoynbee4y@prweb.com
Corrinne,Olive,colive4z@guardian.co.uk
Tobi,Sanbroke,tsanbroke50@wordpress.com
Vitoria,Bundy,vbundy51@slideshare.net
Gar,Whiskerd,gwhiskerd52@hp.com
Lemmy,Thynn,lthynn53@seattletimes.com
Dianemarie,Musselwhite,dmusselwhite54@oakley.com
Hyacintha,Mapston,hmapston55@51.la
Korey,Starbeck,kstarbeck56@ted.com
Rudyard,Behagg,rbehagg57@i2i.jp
Staford,Ambrosch,sambrosch58@tinypic.com
Constantia,Mateos,cmateos59@mozilla.org
Edwina,MacDuff,emacduff5a@google.com.au
Bobbye,Benham,bbenham5b@google.fr
Lynna,Prigmore,lprigmore5c@si.edu
Eileen,Franciottoi,efranciottoi5d@wufoo.com
Retha,Barthelme,rbarthelme5e@cdc.gov
Raviv,Matkin,rmatkin5f@ovh.net
Roderic,Reaveley,rreaveley5g@zimbio.com
Pennie,Baltzar,pbaltzar5h@facebook.com
Ofelia,Jakes,ojakes5i@hc360.com
Daren,Jenman,djenman5j@china.com.cn
Caz,Southall,csouthall5k@miitbeian.gov.cn
Wilbert,Beningfield,wbeningfield5l@tamu.edu
Giraldo,McGroarty,gmcgroarty5m@comcast.net
Lukas,Bruna,lbruna5n@bandcamp.com
Wendel,Exall,wexall5o@posterous.com
Baxter,O'Harney,boharney5p@loc.gov
Glynnis,Rois,grois5q@reference.com
Milt,Ravenhill,mravenhill5r@microsoft.com
Mathew,Castelletto,mcastelletto5s@twitpic.com
Peadar,Hatterslay,phatterslay5t@noaa.gov
Jeri,Bartoleyn,jbartoleyn5u@ca.gov
Vassili,Leinweber,vleinweber5v@shinystat.com
Bay,O'Hone,bohone5w@nasa.gov
Sauncho,Danilenko,sdanilenko5x@omniture.com
Elianora,Heamus,eheamus5y@storify.com
Richmound,Stiller,rstiller5z@icio.us
Glenn,Goldis,ggoldis60@tumblr.com
Sibyl,Dorrian,sdorrian61@cornell.edu
Odessa,Drewet,odrewet62@thetimes.co.uk
El,Pidcock,epidcock63@smh.com.au
Suzette,Burchill,sburchill64@epa.gov
Jessie,Tarling,jtarling65@amazon.de
Concettina,Masurel,cmasurel66@google.com.br
Durante,Kyndred,dkyndred67@paypal.com
Ezri,Shackelton,eshackelton68@cnn.com
Bertram,Biddlestone,bbiddlestone69@comsenz.com
Mina,Casserley,mcasserley6a@odnoklassniki.ru
Ignaz,Rosgen,irosgen6b@g.co
Jerrine,Pesselt,jpesselt6c@163.com
Ettie,Andreasson,eandreasson6d@hatena.ne.jp
Pattie,Pointing,ppointing6e@angelfire.com
Elvina,Guerra,eguerra6f@hostgator.com
Hallsy,Hollindale,hhollindale6g@shareasale.com
Tami,Curado,tcurado6h@bizjournals.com
Hendrika,Huckerby,hhuckerby6i@princeton.edu
Benton,Tanslie,btanslie6j@gnu.org
Evangelin,Vern,evern6k@e-recht24.de
Renard,Krzyzaniak,rkrzyzaniak6l@tinypic.com
Lilian,Durrett,ldurrett6m@sogou.com
Hattie,McAllen,hmcallen6n@qq.com
Rozelle,Plane,rplane6o@nature.com
Kynthia,Scourgie,kscourgie6p@hibu.com
Mildrid,Pietraszek,mpietraszek6q@utexas.edu
Marcille,Espy,mespy6r@behance.net
Ximenes,Boissier,xboissier6s@histats.com
Fulvia,Genny,fgenny6t@livejournal.com
Channa,Fleeman,cfleeman6u@usgs.gov
Lauralee,Peirson,lpeirson6v@europa.eu
Marcus,Petrenko,mpetrenko6w@hatena.ne.jp
Hamnet,Chartre,hchartre6x@booking.com
Holly,Boast,hboast6y@google.ru
Arda,Halpeine,ahalpeine6z@nhs.uk
Madelaine,Westmorland,mwestmorland70@huffingtonpost.com
Jayne,Dole,jdole71@paypal.com
Tonnie,Tebbe,ttebbe72@sfgate.com
Petrina,Alleyne,palleyne73@yahoo.com
Nevin,McGillivrie,nmcgillivrie74@economist.com
Chancey,Claibourn,cclaibourn75@accuweather.com
Betteanne,Wimbridge,bwimbridge76@comsenz.com
Romola,Lorrimer,rlorrimer77@1und1.de
Rey,Dauncey,rdauncey78@imageshack.us
Federica,Blasdale,fblasdale79@hugedomains.com
Ancell,Kenneway,akenneway7a@blogger.com
Chadwick,Scotford,cscotford7b@canalblog.com
Constancy,Springall,cspringall7c@booking.com
Page,Tosh,ptosh7d@1688.com
Hermia,Fawlks,hfawlks7e@constantcontact.com
Lurlene,Lindsell,llindsell7f@studiopress.com
Gabriel,Bartoleyn,gbartoleyn7g@prnewswire.com
Gabriel,Durrell,gdurrell7h@oakley.com
Onfre,Cheshir,ocheshir7i@google.ru
Grissel,Samet,gsamet7j@npr.org
Jessey,Kempshall,jkempshall7k@phpbb.com
Aldon,Blanko,ablanko7l@skyrock.com
Dayle,Packham,dpackham7m@1688.com
Tammy,Perree,tperree7n@geocities.com
Sydney,Carvilla,scarvilla7o@zdnet.com
Darb,Peotz,dpeotz7p@mapquest.com
Uriel,Matton,umatton7q@nationalgeographic.com
Anselm,Sember,asember7r@springer.com
Pasquale,Drane,pdrane7s@plala.or.jp
Giordano,Stubbley,gstubbley7t@sciencedirect.com
Pietra,Nassey,pnassey7u@webs.com
Flori,Kime,fkime7v@csmonitor.com
Kelley,Blenkinsopp,kblenkinsopp7w@macromedia.com
Pearl,Irwin,pirwin7x@addthis.com
Rachael,Freake,rfreake7y@about.com
Piper,Doonican,pdoonican7z@smugmug.com
Grenville,Aizikovitz,gaizikovitz80@prlog.org
Salmon,Drexel,sdrexel81@harvard.edu
Ashely,Ironmonger,aironmonger82@comcast.net
Frances,Skidmore,fskidmore83@cbslocal.com
Sebastien,Marages,smarages84@furl.net
Dorelle,Eltune,deltune85@imgur.com
Aldric,Castello,acastello86@themeforest.net
Aurora,Trundle,atrundle87@hp.com
Nannette,Williscroft,nwilliscroft88@lulu.com
Karleen,McGuckin,kmcguckin89@ow.ly
Gleda,Witherop,gwitherop8a@nationalgeographic.com
Haleigh,Minchinton,hminchinton8b@sakura.ne.jp
Adolph,Blackbourn,ablackbourn8c@w3.org
Fitz,Orbon,forbon8d@amazonaws.com
Freedman,Klammt,fklammt8e@house.gov
Ronica,Bricket,rbricket8f@stanford.edu
Izak,Weedenburg,iweedenburg8g@comsenz.com
Ronnica,Desson,rdesson8h@geocities.com
Jeniffer,Heijnen,jheijnen8i@zdnet.com
Twyla,Ranns,tranns8j@va.gov
Karie,Lepope,klepope8k@comsenz.com
Melesa,Pidon,mpidon8l@shutterfly.com
Mae,Willatt,mwillatt8m@e-recht24.de
Aileen,Hubble,ahubble8n@shinystat.com
Gilberto,Preator,gpreator8o@gizmodo.com
Hermine,Pipes,hpipes8p@elegantthemes.com
Iggie,Bucklee,ibucklee8q@google.de
Livia,Lippini,llippini8r@columbia.edu
Ingelbert,Meiklejohn,imeiklejohn8s@dailymotion.com
Ewan,Stovin,estovin8t@amazon.com
Sloan,Baseggio,sbaseggio8u@blinklist.com
Hyman,Knifton,hknifton8v@unblog.fr
Sallee,Timbrell,stimbrell8w@de.vu
Hammad,Cressor,hcressor8x@jalbum.net
Ode,Wippermann,owippermann8y@friendfeed.com
Mark,Venton,mventon8z@php.net
Dannye,Meech,dmeech90@wikipedia.org
Virgilio,Turnbull,vturnbull91@wikispaces.com
Fair,Shellibeer,fshellibeer92@buzzfeed.com
Joletta,Lindeberg,jlindeberg93@discuz.net
Karen,Suttaby,ksuttaby94@adobe.com
Mariya,Hevner,mhevner95@yandex.ru
Chelsea,Woolmer,cwoolmer96@senate.gov
Gwenora,Jersch,gjersch97@harvard.edu
Selia,Truitt,struitt98@ameblo.jp
Martynne,Putson,mputson99@mozilla.org
Stephenie,Morena,smorena9a@sun.com
Jessalin,Cuthbert,jcuthbert9b@google.de
Jorie,Sheldrick,jsheldrick9c@booking.com
Amandi,Gregersen,agregersen9d@unc.edu
Kaylee,Lucey,klucey9e@constantcontact.com
Joye,Kloss,jkloss9f@techcrunch.com
Dorelle,Frostdicke,dfrostdicke9g@ucoz.com
Papageno,Torpie,ptorpie9h@mail.ru
Farley,Copcott,fcopcott9i@netscape.com
Tamera,Deniset,tdeniset9j@ed.gov
Hermina,Rudge,hrudge9k@exblog.jp
Stanford,Beaston,sbeaston9l@networksolutions.com
Cornela,Drieu,cdrieu9m@vkontakte.ru
Kellen,Murrill,kmurrill9n@un.org
Jamey,Shearn,jshearn9o@people.com.cn
Joseph,Davidowich,jdavidowich9p@fema.gov
Chandler,Abad,cabad9q@noaa.gov
Ann,Dutnell,adutnell9r@gravatar.com
Wyatan,Fenimore,wfenimore9s@rediff.com
Kelly,Ashness,kashness9t@ca.gov
Rab,Deroche,rderoche9u@w3.org
Madel,Beatson,mbeatson9v@google.ca
Reinaldos,Rubenfeld,rrubenfeld9w@shinystat.com
Rhianna,Pimerick,rpimerick9x@blogspot.com
Sibylle,Nairns,snairns9y@mit.edu
Elinore,Grishakov,egrishakov9z@si.edu
Laurent,Lichtfoth,llichtfotha0@go.com
Corabel,Bellelli,cbellellia1@flickr.com
Siegfried,Greystock,sgreystocka2@statcounter.com
Levon,Jenk,ljenka3@opera.com
Ruthi,Arman,rarmana4@ca.gov
Odetta,Pierri,opierria5@accuweather.com
Tome,Ghiriardelli,tghiriardellia6@shutterfly.com
Tori,O'Caherny,tocahernya7@barnesandnoble.com
Tommy,Sandy,tsandya8@cloudflare.com
Tailor,Moorrud,tmoorruda9@tiny.cc
Walton,Caughtry,wcaughtryaa@mozilla.org
Malia,Schukert,mschukertab@360.cn
Randi,Manjin,rmanjinac@soup.io
Pepillo,Bunyard,pbunyardad@mlb.com
Neila,McAreavey,nmcareaveyae@digg.com
Arte,Pickle,apickleaf@booking.com
Latia,Diggle,ldiggleag@cdbaby.com
Basil,Lehrahan,blehrahanah@rakuten.co.jp
Kassandra,Murney,kmurneyai@foxnews.com
Reuven,Piddlesden,rpiddlesdenaj@bbb.org
Garwin,Linneman,glinnemanak@samsung.com
Maximo,Robertson,mrobertsonal@shinystat.com
Stefanie,Risbridge,srisbridgeam@blogs.com
Emory,Maleham,emalehaman@si.edu
Kalie,Vuitte,kvuitteao@cnbc.com
Lizbeth,Allbut,lallbutap@usnews.com
Elana,Ghidini,eghidiniaq@thetimes.co.uk
Johnath,Llorens,jllorensar@ustream.tv
Gallagher,Marsay,gmarsayas@sina.com.cn
Eunice,Camili,ecamiliat@instagram.com
Ryun,Pollicote,rpollicoteau@imgur.com
Edlin,Ropkes,eropkesav@bandcamp.com
Simone,Gheeraert,sgheeraertaw@github.com
Packston,Rait,praitax@businesswire.com
Michell,Ethelstone,methelstoneay@github.com
Caryl,Mollatt,cmollattaz@nyu.edu
Alanah,Petican,apeticanb0@usatoday.com
Lesley,Poole,lpooleb1@furl.net
Rosella,Carnalan,rcarnalanb2@irs.gov
Meg,Inskipp,minskippb3@youtu.be
Griz,Wigsell,gwigsellb4@nhs.uk
Jaine,Pedrocchi,jpedrocchib5@wordpress.org
Jessi,Maso,jmasob6@yahoo.com
Aubrey,Gummie,agummieb7@angelfire.com
Reeta,Bartlomiej,rbartlomiejb8@cloudflare.com
Deloris,Ainge,daingeb9@disqus.com
Umeko,Cardno,ucardnoba@sciencedaily.com
Rogers,Elliot,relliotbb@state.gov
Malinde,Allgood,mallgoodbc@google.nl
Carey,Ritzman,critzmanbd@wufoo.com
Jarrid,Bantham,jbanthambe@nationalgeographic.com
Jdavie,Yanov,jyanovbf@netvibes.com
Alfy,MacNeilley,amacneilleybg@qq.com
Carlene,Legier,clegierbh@amazon.co.uk
Gordan,Juden,gjudenbi@ustream.tv
Vally,Branton,vbrantonbj@vistaprint.com
Eloise,Applegarth,eapplegarthbk@blog.com
Kenon,Pablos,kpablosbl@wikia.com
Willette,Veevers,wveeversbm@theguardian.com
Curr,Pietrzak,cpietrzakbn@prlog.org
Demetri,Soden,dsodenbo@deviantart.com
Erika,Rheaume,erheaumebp@spotify.com
Janeen,Biesinger,jbiesingerbq@buzzfeed.com
Faulkner,Luttger,fluttgerbr@shareasale.com
Cindelyn,Moors,cmoorsbs@shinystat.com
Giusto,Marval,gmarvalbt@huffingtonpost.com
Smitty,Everington,severingtonbu@lulu.com
Frankie,Barriball,fbarriballbv@google.pl
Kaia,Yurchishin,kyurchishinbw@columbia.edu
Dael,Fitchet,dfitchetbx@google.com.hk
Madelon,Juliff,mjuliffby@nps.gov
Hildagarde,Aneley,haneleybz@usda.gov
Nora,Mc Kellen,nmckellenc0@cocolog-nifty.com
Jacqueline,Delamar,jdelamarc1@addthis.com
Teddie,Azam,tazamc2@shop-pro.jp
Charlena,Edon,cedonc3@cam.ac.uk
Angelle,Kippen,akippenc4@abc.net.au
Veronika,Haug,vhaugc5@netscape.com
Eilis,Josefovic,ejosefovicc6@unblog.fr
Julianne,Bonniface,jbonnifacec7@gizmodo.com
Nara,covino,ncovinoc8@exblog.jp
George,Kas,gkasc9@berkeley.edu
Dru,Emma,demmaca@amazon.co.uk
Reine,Edrich,redrichcb@technorati.com
Burnard,Flindall,bflindallcc@feedburner.com
Nellie,Dever,ndevercd@fastcompany.com
Timofei,MacGovern,tmacgovernce@sitemeter.com
Cathy,Deboo,cdeboocf@technorati.com
Leland,De Meis,ldemeiscg@mysql.com
Izaak,Candish,icandishch@washingtonpost.com
Bobbie,Pearl,bpearlci@dyndns.org
Eziechiele,Lamasna,elamasnacj@lulu.com
Clare,Greir,cgreirck@mlb.com
Timmi,Wardlaw,twardlawcl@boston.com
Faber,McTurlough,fmcturloughcm@dropbox.com
Thatch,Zanassi,tzanassicn@twitter.com
Charis,Munnis,cmunnisco@dagondesign.com
Martelle,Ralphs,mralphscp@state.tx.us
Josy,Jesteco,jjestecocq@jimdo.com
Jodee,Thorneywork,jthorneyworkcr@harvard.edu
Timoteo,Danniel,tdannielcs@flavors.me
Decca,Richin,drichinct@themeforest.net
Britt,Hatton,bhattoncu@washington.edu
Kalli,Brenston,kbrenstoncv@zimbio.com
Katrine,McAless,kmcalesscw@people.com.cn
Sanders,Reinbeck,sreinbeckcx@themeforest.net
Saul,Martinuzzi,smartinuzzicy@goodreads.com
Ranna,Briddle,rbriddlecz@illinois.edu
Kipper,O'Carran,kocarrand0@webeden.co.uk
Durward,Maskrey,dmaskreyd1@biglobe.ne.jp
Grover,Pearsey,gpearseyd2@google.com.br
Thibaud,Arnal,tarnald3@taobao.com
Samuele,Siely,ssielyd4@shareasale.com
Dayna,McCullen,dmccullend5@networksolutions.com
Andre,Peirce,apeirced6@shutterfly.com
Kitti,Sofe,ksofed7@tinypic.com
Carver,Schreurs,cschreursd8@oakley.com
Steffane,Garwell,sgarwelld9@godaddy.com
Verena,Drews,vdrewsda@tmall.com
Vasily,Lindenstrauss,vlindenstraussdb@businesswire.com
Gauthier,Pilkinton,gpilkintondc@php.net
Valry,Mateos,vmateosdd@mapquest.com
Wyn,Menzies,wmenziesde@alibaba.com
Jule,Banton,jbantondf@utexas.edu
Rhea,Boyan,rboyandg@angelfire.com
Pieter,Danzelman,pdanzelmandh@forbes.com
Pearl,Grisedale,pgrisedaledi@chron.com
Kacie,Element,kelementdj@sun.com
Lindsy,Buss,lbussdk@reference.com
Ezequiel,Brisset,ebrissetdl@chron.com
Sharyl,Pietzker,spietzkerdm@elegantthemes.com
Jerry,Petcher,jpetcherdn@t-online.de
Adella,Grindlay,agrindlaydo@uiuc.edu
Phelia,Sneath,psneathdp@illinois.edu
Bertie,Radmer,bradmerdq@youtube.com
Dre,Foord,dfoorddr@t-online.de
Julio,Grouer,jgrouerds@usda.gov
Ruby,Fleckno,rflecknodt@nationalgeographic.com
Raquel,Alesin,ralesindu@youtube.com
Amargo,Gonoude,agonoudedv@ebay.com
Urbano,Geeve,ugeevedw@histats.com
Neysa,Garrud,ngarruddx@diigo.com
Diannne,Gething,dgethingdy@seattletimes.com
Willi,Ahrens,wahrensdz@t-online.de
Charlotta,Blockley,cblockleye0@apple.com
Marielle,Slobom,mslobome1@github.com
Arabel,Johnsee,ajohnseee2@nature.com
Albina,Marshland,amarshlande3@alexa.com
Troy,Verriour,tverrioure4@lulu.com
Phil,Worcester,pworcestere5@plala.or.jp
Nanny,McKenna,nmckennae6@cloudflare.com
Marcella,Ringsell,mringselle7@nifty.com
Gretchen,Margery,gmargerye8@hatena.ne.jp
Etty,Bassom,ebassome9@addthis.com
Thoma,Aspling,tasplingea@columbia.edu
Alfie,Carnaman,acarnamaneb@yellowbook.com
Emmet,Bocking,ebockingec@tmall.com
Sabra,Dallender,sdallendered@wordpress.com
Gwenni,Crudgington,gcrudgingtonee@fda.gov
Zollie,Godrich,zgodrichef@hibu.com
Frans,Briar,fbriareg@infoseek.co.jp
Noam,Puxley,npuxleyeh@fotki.com
Emmerich,Shemmans,eshemmansei@chron.com
Marabel,Kliemchen,mkliemchenej@ucsd.edu
Marrissa,Gegg,mgeggek@mapy.cz
Jilly,Gillman,jgillmanel@cbc.ca
Alberta,Raspison,araspisonem@flavors.me
Marchall,Gallichiccio,mgallichiccioen@hatena.ne.jp
Hercule,Beazley,hbeazleyeo@mail.ru
Marris,Nairy,mnairyep@ftc.gov
Ilise,MacWhan,imacwhaneq@google.ru
Eward,Radborne,eradborneer@blogger.com
Malchy,Vennart,mvennartes@paginegialle.it
Di,Ackroyd,dackroydet@geocities.com
Helsa,Linnett,hlinnetteu@fda.gov
Natka,Drayson,ndraysonev@pcworld.com
Othelia,Simecek,osimecekew@ask.com
Ivett,Petrovic,ipetrovicex@buzzfeed.com
Gilly,Ely,gelyey@histats.com
Garold,Renachowski,grenachowskiez@seesaa.net
Kristan,Karpeev,kkarpeevf0@cmu.edu
Bert,Mallord,bmallordf1@chicagotribune.com
Morie,Kuhlen,mkuhlenf2@xrea.com
Enos,Cambden,ecambdenf3@gravatar.com
Juanita,Syer,jsyerf4@blogger.com
Clementine,Ellard,cellardf5@businessinsider.com
Dierdre,Cowen,dcowenf6@wp.com
Guillemette,Crauford,gcraufordf7@guardian.co.uk
Symon,Marien,smarienf8@gov.uk
Perl,Whitaker,pwhitakerf9@diigo.com
Patten,Kloska,pkloskafa@ca.gov
Hall,Bennison,hbennisonfb@pcworld.com
Carilyn,Dufer,cduferfc@vk.com
Reid,Fuggle,rfugglefd@dot.gov
Marna,Obeney,mobeneyfe@google.com.au
Risa,McGraw,rmcgrawff@baidu.com
Killy,Phonix,kphonixfg@google.com.hk
Curr,MacIntyre,cmacintyrefh@skype.com
Orton,Kempstone,okempstonefi@gnu.org
Hermina,Sacchetti,hsacchettifj@google.ca
Helaine,Placstone,hplacstonefk@nih.gov
Lethia,Iliff,lilifffl@whitehouse.gov
Justino,Jedrzejczyk,jjedrzejczykfm@gmpg.org
Linea,Walklott,lwalklottfn@gravatar.com
Karel,Yashin,kyashinfo@economist.com
Malanie,McManamen,mmcmanamenfp@acquirethisname.com
Birch,Ondrich,bondrichfq@google.com.br
Egon,Beaven,ebeavenfr@oaic.gov.au
Minnaminnie,Guilliatt,mguilliattfs@ted.com
Carlee,Scutchin,cscutchinft@deviantart.com
Corty,Muckleston,cmucklestonfu@princeton.edu
Lemmie,Sleeny,lsleenyfv@si.edu
Corella,Cassells,ccassellsfw@census.gov
Gleda,Horsley,ghorsleyfx@csmonitor.com
Sarette,Norley,snorleyfy@skyrock.com
Eimile,Shaddock,eshaddockfz@thetimes.co.uk
Koo,Duesberry,kduesberryg0@clickbank.net
Jeane,Schuchmacher,jschuchmacherg1@chron.com
Nancy,Frean,nfreang2@europa.eu
Cecil,Iglesia,ciglesiag3@noaa.gov
Theodora,Murrill,tmurrillg4@barnesandnoble.com
Archaimbaud,Watting,awattingg5@microsoft.com
Lauretta,Van T'Hoog,lvanthoogg6@state.gov
Farlay,Jest,fjestg7@cnbc.com
Brigida,Ranyell,branyellg8@ustream.tv
York,Mortimer,ymortimerg9@nydailynews.com
Haleigh,Luisetti,hluisettiga@pagesperso-orange.fr
Lari,Drought,ldroughtgb@bbb.org
Daron,Bellord,dbellordgc@accuweather.com
Rollo,Hearley,rhearleygd@dmoz.org
Karoly,Massey,kmasseyge@histats.com
Torrance,Bonnet,tbonnetgf@hexun.com
Wade,Farquarson,wfarquarsongg@chicagotribune.com
Bari,McElhargy,bmcelhargygh@wufoo.com
Marline,Buney,mbuneygi@cnn.com
Marlowe,Cawsey,mcawseygj@flavors.me
Cori,Ipsgrave,cipsgravegk@spotify.com
Iver,Westpfel,iwestpfelgl@scientificamerican.com
Alikee,Bruff,abruffgm@harvard.edu
Gretta,Mulligan,gmulligangn@economist.com
Davis,Escritt,descrittgo@friendfeed.com
Carline,Coleshill,ccoleshillgp@businessweek.com
Heloise,Vela,hvelagq@ucsd.edu
Edik,Goodfield,egoodfieldgr@360.cn
Rosalinde,Ritchley,rritchleygs@fda.gov
Nerita,Canedo,ncanedogt@abc.net.au
Kissie,Hurdle,khurdlegu@aboutads.info
Eimile,Dunklee,edunkleegv@hugedomains.com
Claudius,Gomer,cgomergw@sbwire.com
Kerk,Totaro,ktotarogx@comsenz.com
Sky,Dallaghan,sdallaghangy@xing.com
Shandeigh,Munns,smunnsgz@springer.com
Cletis,Campey,ccampeyh0@amazonaws.com
Dwayne,Bibey,dbibeyh1@home.pl
Hamlen,Wallenger,hwallengerh2@narod.ru
Devin,Howlings,dhowlingsh3@comcast.net
Araldo,Shakesby,ashakesbyh4@ucoz.ru
Mella,Rameau,mrameauh5@fda.gov
Myriam,Kears,mkearsh6@deviantart.com
Melisande,Oughtright,moughtrighth7@microsoft.com
Averil,Hallock,ahallockh8@un.org
Flori,Tubbs,ftubbsh9@webnode.com
Ginnifer,Calderon,gcalderonha@etsy.com
Helli,Skouling,hskoulinghb@oaic.gov.au
Aila,Ratcliff,aratcliffhc@ibm.com
Rita,Abernethy,rabernethyhd@amazon.com
Eziechiele,Tipper,etipperhe@xrea.com
Myrlene,Percy,mpercyhf@cornell.edu
Arlyne,Learoid,alearoidhg@hao123.com
Kaleb,Greenset,kgreensethh@foxnews.com
Chicky,Crocroft,ccrocrofthi@latimes.com
Hale,Kirkham,hkirkhamhj@tumblr.com
Murielle,Darree,mdarreehk@scribd.com
Jo,Fennell,jfennellhl@deliciousdays.com
Ancell,Sonner,asonnerhm@archive.org
Jessica,Rabbage,jrabbagehn@earthlink.net
Meredith,Faircloth,mfairclothho@cpanel.net
Sal,Haythornthwaite,shaythornthwaitehp@1688.com
Marinna,Bewsey,mbewseyhq@dropbox.com
Johnathon,Styan,jstyanhr@blogger.com
Wood,Potteridge,wpotteridgehs@miibeian.gov.cn
Ardine,Gatecliff,agatecliffht@sfgate.com
Jsandye,Cornelleau,jcornelleauhu@tuttocitta.it
Steffen,MacNeely,smacneelyhv@blogger.com
Ogdon,Dwyer,odwyerhw@artisteer.com
Berna,Phil,bphilhx@techcrunch.com
Vilhelmina,Bradnock,vbradnockhy@joomla.org
Baxy,Simonetto,bsimonettohz@vistaprint.com
Rafaelia,McAllester,rmcallesteri0@e-recht24.de
Bride,Schrei,bschreii1@opera.com
Elle,Rigts,erigtsi2@aol.com
Jaymee,Hairsine,jhairsinei3@slate.com
Paulie,St. Aubyn,pstaubyni4@gravatar.com
Elmira,Mellows,emellowsi5@indiatimes.com
Myrvyn,Luney,mluneyi6@hp.com
Tedd,Stacey,tstaceyi7@ucla.edu
Sheena,Chatin,schatini8@webmd.com
Aguistin,Kohlerman,akohlermani9@discovery.com
Danielle,Macieiczyk,dmacieiczykia@archive.org
Grenville,Peart,gpeartib@mozilla.com
Ruthy,Scurrey,rscurreyic@a8.net
Harley,Ingleton,hingletonid@wordpress.com
Winfield,Worters,wwortersie@etsy.com
Frederica,Flecknoe,fflecknoeif@shareasale.com
Petr,Heape,pheapeig@list-manage.com
Odelinda,Chomiszewski,ochomiszewskiih@berkeley.edu
Sybille,Elijahu,selijahuii@tuttocitta.it
Gregorius,Hardway,ghardwayij@rediff.com
Fabiano,Glading,fgladingik@ycombinator.com
Jennine,Brunning,jbrunningil@google.ca
Rossy,McLeary,rmclearyim@cloudflare.com
Felipa,Eberdt,feberdtin@homestead.com
Elnar,Pruce,epruceio@blogger.com
Law,Quainton,lquaintonip@vinaora.com
Magnum,Johanchon,mjohanchoniq@buzzfeed.com
Broddy,McElvine,bmcelvineir@pagesperso-orange.fr
Dall,Stiegar,dstiegaris@virginia.edu
Yetty,Gaskins,ygaskinsit@irs.gov
Terence,Bodill,tbodilliu@vk.com
Susi,Bendan,sbendaniv@yellowbook.com
Barnaby,McRorie,bmcrorieiw@stanford.edu
Elly,Kneaphsey,ekneaphseyix@plala.or.jp
Ange,Walrond,awalrondiy@google.co.uk
Frankie,Peete,fpeeteiz@wired.com
Ernest,Hagwood,ehagwoodj0@npr.org
Lelia,McClarence,lmcclarencej1@blogtalkradio.com
Shandra,New,snewj2@patch.com
Maybelle,Lundbeck,mlundbeckj3@com.com
Penn,Ilieve,pilievej4@lulu.com
Maxi,Mell,mmellj5@ted.com
Noah,Portigall,nportigallj6@ameblo.jp
Debbi,Henze,dhenzej7@sogou.com
Rhodia,Shakespeare,rshakespearej8@skype.com
Emmery,Headley,eheadleyj9@usa.gov
Lilla,Lush,llushja@prnewswire.com
Mona,Brockbank,mbrockbankjb@cyberchimps.com
Alec,Iacovino,aiacovinojc@is.gd
Wilbur,Coyte,wcoytejd@blogger.com
Melantha,Woodwin,mwoodwinje@dell.com
Reinold,Tukesby,rtukesbyjf@t-online.de
Theodora,Adam,tadamjg@tinyurl.com
Gaylord,Simecek,gsimecekjh@taobao.com
Kimble,Stansbury,kstansburyji@nydailynews.com
Trina,Wakeman,twakemanjj@histats.com
Lyndell,Briant,lbriantjk@disqus.com
Saba,Rebillard,srebillardjl@etsy.com
Jeremy,Ivanets,jivanetsjm@blog.com
Leontine,Stanlock,lstanlockjn@buzzfeed.com
Bertie,Yitzhakof,byitzhakofjo@about.com
Skip,Lenchenko,slenchenkojp@google.nl
Alfons,Connolly,aconnollyjq@simplemachines.org
Demetris,Oliff,doliffjr@google.com
Jerrie,Blees,jbleesjs@bbc.co.uk
Maurizia,Timoney,mtimoneyjt@angelfire.com
Muffin,Coombs,mcoombsju@nature.com
Blakeley,Birkwood,bbirkwoodjv@1und1.de
Madelene,Konert,mkonertjw@chicagotribune.com
Donica,Galliford,dgallifordjx@businessweek.com
Kipper,Strick,kstrickjy@fema.gov
Lind,Greggersen,lgreggersenjz@java.com
Abeu,Turri,aturrik0@usnews.com
Lucilia,Figgs,lfiggsk1@macromedia.com
Regan,Georgius,rgeorgiusk2@nationalgeographic.com
Donnamarie,Zanioletti,dzaniolettik3@fastcompany.com
Moira,Bembrigg,mbembriggk4@ed.gov
Dacey,McElhinney,dmcelhinneyk5@usatoday.com
Cobbie,Stringer,cstringerk6@apache.org
Benedetto,Tarbet,btarbetk7@bbb.org
Ellswerth,Dunnett,edunnettk8@gravatar.com
Saraann,Gillbard,sgillbardk9@people.com.cn
Ronnica,Nixon,rnixonka@homestead.com
Alaster,Webburn,awebburnkb@twitter.com
Stanislas,Stanfield,sstanfieldkc@irs.gov
Georgia,Emanulsson,gemanulssonkd@google.com.hk
Jo ann,Gemelli,jgemellike@arstechnica.com
Lindsey,Valde,lvaldekf@behance.net
Ralina,MacTrustey,rmactrusteykg@umich.edu
Cherice,Perryman,cperrymankh@ft.com
Nat,Pieche,npiecheki@nyu.edu
Robinet,Ledger,rledgerkj@eventbrite.com
Byrom,Cromb,bcrombkk@guardian.co.uk
Dennet,Rought,droughtkl@webmd.com
Waverly,Gillean,wgilleankm@t-online.de
Melany,O'Dee,modeekn@nps.gov
Carolan,Sarfass,csarfassko@nps.gov
Celinka,Jacobbe,cjacobbekp@sciencedirect.com
Sherwood,Gwinnett,sgwinnettkq@cbslocal.com
Corrina,Maypother,cmaypotherkr@hao123.com
Danyette,Forsdyke,dforsdykeks@joomla.org
Morena,Peaden,mpeadenkt@eventbrite.com
Rowan,Dobrowski,rdobrowskiku@ovh.net
Selie,McPike,smcpikekv@behance.net
Kevon,Greswell,kgreswellkw@europa.eu
Vanny,Stace,vstacekx@pinterest.com
Neila,Pettet,npettetky@ebay.com
Valentijn,Redit,vreditkz@quantcast.com
Talbot,Larway,tlarwayl0@mozilla.org
Rikki,Archambault,rarchambaultl1@vistaprint.com
Timi,Lowry,tlowryl2@nba.com
Bendicty,Huygen,bhuygenl3@homestead.com
Bert,Killigrew,bkilligrewl4@msu.edu
Shoshana,Eggerton,seggertonl5@elegantthemes.com
Filberte,Espadate,fespadatel6@wunderground.com
Ivory,Boorn,iboornl7@springer.com
Tirrell,Early,tearlyl8@patch.com
Edwin,Cabotto,ecabottol9@earthlink.net
Holli,Hallick,hhallickla@fda.gov
Shem,Beall,sbealllb@rakuten.co.jp
Deidre,Mesant,dmesantlc@taobao.com
Lesli,Hartley,lhartleyld@msn.com
Ricca,O'Longain,rolongainle@purevolume.com
Normand,Vaudrey,nvaudreylf@biglobe.ne.jp
Celinka,Pedroli,cpedrolilg@theguardian.com
Isa,Beumant,ibeumantlh@cbslocal.com
Kissee,Schumacher,kschumacherli@comsenz.com
Bianca,Masserel,bmasserellj@yahoo.com
Saxe,Gelling,sgellinglk@wikipedia.org
Hulda,Riccardi,hriccardill@imgur.com
Benton,McIlraith,bmcilraithlm@newsvine.com
Roldan,Hensmans,rhensmansln@webmd.com
Godfrey,Halksworth,ghalksworthlo@mashable.com
Crysta,Gerrell,cgerrelllp@ask.com
Jasper,Stanley,jstanleylq@wsj.com
Benson,Ahrend,bahrendlr@usgs.gov
Taddeusz,Infante,tinfantels@ihg.com
Fawnia,Bramo,fbramolt@ca.gov
Casar,Cocklie,ccocklielu@ted.com
Darb,Palk,dpalklv@nymag.com
Inez,Rodrigo,irodrigolw@hud.gov
Sax,Rablen,srablenlx@nsw.gov.au
Julianna,McCaughen,jmccaughenly@imageshack.us
Sumner,Fasse,sfasselz@4shared.com
Marilin,Rumsby,mrumsbym0@nps.gov
Leshia,Sclater,lsclaterm1@histats.com
Leslie,Eastes,leastesm2@usgs.gov
Reyna,Duffield,rduffieldm3@woothemes.com
Tito,Stenson,tstensonm4@altervista.org
Tawnya,Muff,tmuffm5@thetimes.co.uk
Cletis,Worham,cworhamm6@blogs.com
Dulci,Pedley,dpedleym7@yolasite.com
Stevie,Pideon,spideonm8@yolasite.com
Wilona,Denacamp,wdenacampm9@ftc.gov
Jeremy,Skade,jskadema@chronoengine.com
Monroe,Silcocks,msilcocksmb@japanpost.jp
Lexy,Radden,lraddenmc@jimdo.com
Larine,Hake,lhakemd@buzzfeed.com
Dougy,Matusov,dmatusovme@webmd.com
Ginnie,Hixley,ghixleymf@storify.com
Dedra,Falcus,dfalcusmg@123-reg.co.uk
Maurizio,Gaddas,mgaddasmh@sina.com.cn
Billi,Hamsson,bhamssonmi@jiathis.com
Rona,Lapworth,rlapworthmj@state.tx.us
Drusi,Slayny,dslaynymk@tiny.cc
Ansley,Cowdroy,acowdroyml@discuz.net
Gardie,Stotherfield,gstotherfieldmm@dyndns.org
Benedict,Korf,bkorfmn@ebay.com
Margi,Drinan,mdrinanmo@yelp.com
Colette,Lang,clangmp@scientificamerican.com
Terencio,Le land,tlelandmq@youtube.com
Hermine,Thonger,hthongermr@xing.com
Shelden,Beale,sbealems@sourceforge.net
Mareah,Attersoll,mattersollmt@tiny.cc
Cornela,Ibel,cibelmu@hatena.ne.jp
Maynord,Gehrels,mgehrelsmv@npr.org
Cristian,Keigher,ckeighermw@merriam-webster.com
Ray,Thome,rthomemx@list-manage.com
Nobe,Preddle,npreddlemy@miibeian.gov.cn
Patrizius,Hamlin,phamlinmz@microsoft.com
Katina,Branthwaite,kbranthwaiten0@soup.io
Tedman,Vere,tveren1@1688.com
Lisetta,Baudone,lbaudonen2@shop-pro.jp
Robert,Barbie,rbarbien3@ebay.com
Hussein,Dupre,hdupren4@va.gov
Adrian,Coultass,acoultassn5@marriott.com
Jannelle,Wayt,jwaytn6@myspace.com
Herta,Warde,hwarden7@japanpost.jp
Dyann,Cabotto,dcabotton8@prnewswire.com
Hayden,Bulstrode,hbulstroden9@edublogs.org
Petronia,Ten Broek,ptenbroekna@elpais.com
Curr,Dudenie,cdudenienb@sakura.ne.jp
Trey,Doppler,tdopplernc@adobe.com
Madeleine,Ivy,mivynd@sbwire.com
Antony,Ericsson,aericssonne@oaic.gov.au
Skell,Cattermoul,scattermoulnf@themeforest.net
Shae,Goodship,sgoodshipng@washingtonpost.com
Tobin,Gwyllt,tgwylltnh@1688.com
Lise,Aucourte,laucourteni@army.mil
Devlen,Kiezler,dkiezlernj@umn.edu
Prudence,Kelley,pkelleynk@icq.com
Shelton,Happert,shappertnl@youtube.com
Benedetto,Hindsberg,bhindsbergnm@jigsy.com
Vassily,Myrick,vmyricknn@umich.edu
Linn,Wallach,lwallachno@stumbleupon.com
Vail,Decruse,vdecrusenp@flickr.com
Petunia,Mold,pmoldnq@imdb.com
Blythe,Toppas,btoppasnr@icq.com
Michale,McNee,mmcneens@amazon.de
Sig,Mulbry,smulbrynt@dailymotion.com
Risa,Wheelhouse,rwheelhousenu@apache.org
Berget,Fellon,bfellonnv@pen.io
Eberto,Streak,estreaknw@miibeian.gov.cn
Mirabelle,Betancourt,mbetancourtnx@paypal.com
Wald,Duddridge,wduddridgeny@loc.gov
Stuart,Klossek,sklosseknz@cmu.edu
Malissa,Bilfoot,mbilfooto0@usgs.gov
Carmen,Lyles,clyleso1@cargocollective.com
Traci,Bever,tbevero2@t.co
Garv,Chislett,gchisletto3@tmall.com
Maxy,Le Grove,mlegroveo4@wired.com
Verina,O'Shavlan,voshavlano5@shutterfly.com
Nye,Lowfill,nlowfillo6@google.fr
Eustacia,Boshere,eboshereo7@nhs.uk
Andeee,Aloshkin,aaloshkino8@quantcast.com
Adrian,Pimley,apimleyo9@odnoklassniki.ru
Jsandye,Allenson,jallensonoa@bandcamp.com
Jonell,Larvin,jlarvinob@dropbox.com
Maitilde,Spadeck,mspadeckoc@foxnews.com
Boris,Royse,broyseod@elegantthemes.com
Skipp,Hearson,shearsonoe@creativecommons.org
Cortie,Vitall,cvitallof@uol.com.br
Lesly,Mattocks,lmattocksog@histats.com
Faunie,Dovinson,fdovinsonoh@canalblog.com
Ina,Insole,iinsoleoi@ustream.tv
Brion,McInnerny,bmcinnernyoj@flavors.me
Matilde,Forrestor,mforrestorok@spotify.com
Artair,Schukert,aschukertol@issuu.com
Ailsun,Da Costa,adacostaom@gravatar.com
Querida,Cancutt,qcancutton@wix.com
Brittani,oldey,boldeyoo@google.com.hk
Rakel,Casero,rcaseroop@earthlink.net
Auberta,Conigsby,aconigsbyoq@tumblr.com
Benny,Gedge,bgedgeor@deviantart.com
Fayette,Kinnach,fkinnachos@usa.gov
Latashia,Bitchener,lbitchenerot@digg.com
Portia,Trousdale,ptrousdaleou@friendfeed.com
Berna,Di Batista,bdibatistaov@github.com
Genna,Maidlow,gmaidlowow@ucsd.edu
Kayne,Gateman,kgatemanox@uiuc.edu
Janine,Guitt,jguittoy@desdev.cn
Shandie,Hinckley,shinckleyoz@about.com
Wallace,Jolin,wjolinp0@woothemes.com
Lind,Grelak,lgrelakp1@rambler.ru
Jack,Caberas,jcaberasp2@berkeley.edu
Mildred,Nulty,mnultyp3@marketwatch.com
Erl,Coughtrey,ecoughtreyp4@multiply.com
Perren,Crick,pcrickp5@google.co.jp
Shantee,Bentje,sbentjep6@tinypic.com
Joshuah,Postance,jpostancep7@narod.ru
Kial,Halbert,khalbertp8@sun.com
Melodie,Limprecht,mlimprechtp9@elpais.com
Lenci,McCart,lmccartpa@w3.org
Marchall,Dust,mdustpb@nature.com
Prent,Raylton,prayltonpc@dagondesign.com
Michele,Armer,marmerpd@parallels.com
Sheff,Mcmanaman,smcmanamanpe@ft.com
Tadio,Mockler,tmocklerpf@yahoo.co.jp
Jo,Grimoldby,jgrimoldbypg@i2i.jp
Orville,Staunton,ostauntonph@bigcartel.com
Care,Ager,cagerpi@bloomberg.com
Del,Mattam,dmattampj@mac.com
Jany,Sedman,jsedmanpk@icio.us
Fernandina,Stuttman,fstuttmanpl@wisc.edu
Stephi,Deathridge,sdeathridgepm@1und1.de
Lurleen,Chennells,lchennellspn@tmall.com
Lidia,Dobrowolski,ldobrowolskipo@webeden.co.uk
Maurizio,Stutard,mstutardpp@sbwire.com
Lauralee,Cuppleditch,lcuppleditchpq@deviantart.com
Calv,Spinley,cspinleypr@clickbank.net
Kimberly,Yelyashev,kyelyashevps@flickr.com
Kirsti,Mudge,kmudgept@amazon.co.jp
Dore,Kingsman,dkingsmanpu@themeforest.net
Benyamin,Carslake,bcarslakepv@seesaa.net
Adoree,Dorgan,adorganpw@microsoft.com
Hyacinthie,Whitmell,hwhitmellpx@nationalgeographic.com
Carey,Marion,cmarionpy@g.co
Corinne,Hackin,chackinpz@ihg.com
David,Salmen,dsalmenq0@xinhuanet.com
Sibylla,Buntin,sbuntinq1@hp.com
Bendicty,MacKellen,bmackellenq2@altervista.org
Lanie,OIlier,loilierq3@uiuc.edu
Orv,McFadzean,omcfadzeanq4@google.fr
Eli,Shovelbottom,eshovelbottomq5@dmoz.org
Geralda,Drakeley,gdrakeleyq6@berkeley.edu
Bengt,Bello,bbelloq7@chicagotribune.com
Ramsey,Parlott,rparlottq8@wikipedia.org
Elinor,Warlton,ewarltonq9@freewebs.com
Carlin,Oldfield,coldfieldqa@nature.com
Bel,Whinray,bwhinrayqb@huffingtonpost.com
Ephrem,Walklot,ewalklotqc@feedburner.com
Cirillo,Deeley,cdeeleyqd@acquirethisname.com
Elle,Kirk,ekirkqe@slate.com
Munroe,Braban,mbrabanqf@microsoft.com
Whit,Iorillo,wiorilloqg@redcross.org
Clarinda,Hiddsley,chiddsleyqh@netscape.com
Giacomo,Conisbee,gconisbeeqi@miibeian.gov.cn
Morgana,Steddall,msteddallqj@sitemeter.com
Charmine,Casarini,ccasariniqk@umich.edu
Kain,McGlaud,kmcglaudql@163.com
Desiree,Josefovic,djosefovicqm@dot.gov
Camila,McKelvey,cmckelveyqn@independent.co.uk
Scot,Halsall,shalsallqo@ucoz.com
Mireille,Marcq,mmarcqqp@canalblog.com
Eli,Soule,esouleqq@nytimes.com
Harriette,Sketchley,hsketchleyqr@mlb.com
Raina,Tortoishell,rtortoishellqs@un.org
Wallis,Fearenside,wfearensideqt@redcross.org
Orelle,Diss,odissqu@nhs.uk
Theadora,Marien,tmarienqv@google.com.au
Kizzee,Bremond,kbremondqw@clickbank.net
Aprilette,Ord,aordqx@rakuten.co.jp
Ivar,Asmus,iasmusqy@netlog.com
Alisun,Bartolomeu,abartolomeuqz@huffingtonpost.com
Erastus,Brandel,ebrandelr0@accuweather.com
Aubree,Gensavage,agensavager1@earthlink.net
Maison,Greenin,mgreeninr2@plala.or.jp
Marylinda,Tidcombe,mtidcomber3@msu.edu
Sigfrid,Truce,strucer4@dedecms.com
Tana,Reinhardt,treinhardtr5@baidu.com
Inger,Noice,inoicer6@stanford.edu
Shanta,Ryland,srylandr7@admin.ch
Gery,Gutman,ggutmanr8@hc360.com
Serge,Quilleash,squilleashr9@indiatimes.com
Annaliese,Campey,acampeyra@geocities.com
Scotty,Peasegood,speasegoodrb@jalbum.net
Cosette,Dohr,cdohrrc@drupal.org
Aldon,Pratton,aprattonrd@cnet.com
Aldwin,Schistl,aschistlre@theatlantic.com
Janelle,Dancy,jdancyrf@weebly.com
Tommi,Aphale,taphalerg@yellowbook.com
Denny,Cockson,dcocksonrh@symantec.com
Elladine,Granham,egranhamri@examiner.com
Mendie,Matskevich,mmatskevichrj@github.com
Lorilee,Bliven,lblivenrk@samsung.com
Rania,Alexander,ralexanderrl@imageshack.us
Eddy,McAvinchey,emcavincheyrm@blog.com
Katharyn,Auchterlony,kauchterlonyrn@hubpages.com
Edik,Neilan,eneilanro@themeforest.net
Corabelle,Surgener,csurgenerrp@berkeley.edu
Elva,Saul,esaulrq@uiuc.edu
Phillipp,Ogelbe,pogelberr@blog.com
Cesar,Mayta,cesarmayta@ed.team
Alvaro,Felipe,alvFelipe@ed.team
Cesar,Mayta,cesarmayta@ed.team
Alvaro,Felipe,alvFelipe@ed.team
